<NotepadPlus>
    <UserLang name="propio1" ext="pr" udlVersion="2.1">
        <Settings>
            <Global caseIgnored="no" allowFoldOfComments="no" foldCompact="no" forcePureLC="0" decimalSeparator="0" />
            <Prefix Keywords1="no" Keywords2="no" Keywords3="no" Keywords4="no" Keywords5="no" Keywords6="no" Keywords7="no" Keywords8="no" />
        </Settings>
        <KeywordLists>
            <Keywords name="Comments">00// 01 02 03/* 04*/</Keywords>
            <Keywords name="Numbers, prefix1"></Keywords>
            <Keywords name="Numbers, prefix2"></Keywords>
            <Keywords name="Numbers, extras1"></Keywords>
            <Keywords name="Numbers, extras2"></Keywords>
            <Keywords name="Numbers, suffix1"></Keywords>
            <Keywords name="Numbers, suffix2"></Keywords>
            <Keywords name="Numbers, range"></Keywords>
            <Keywords name="Operators1">=&#x000D;&#x000A;&gt;&#x000D;&#x000A;+&#x000D;&#x000A;*&#x000D;&#x000A;/&#x000D;&#x000A;&#x000D;&#x000A;&#x000D;&#x000A;</Keywords>
            <Keywords name="Operators2">+ * / - ( )</Keywords>
            <Keywords name="Folders in code1, open">mientras</Keywords>
            <Keywords name="Folders in code1, middle">haz</Keywords>
            <Keywords name="Folders in code1, close">fin-haz</Keywords>
            <Keywords name="Folders in code2, open">desde</Keywords>
            <Keywords name="Folders in code2, middle">{</Keywords>
            <Keywords name="Folders in code2, close">}</Keywords>
            <Keywords name="Folders in comment, open"></Keywords>
            <Keywords name="Folders in comment, middle"></Keywords>
            <Keywords name="Folders in comment, close"></Keywords>
            <Keywords name="Keywords1">imprimir&#x000D;&#x000A;mientras&#x000D;&#x000A;decimales&#x000D;&#x000A;fin-haz&#x000D;&#x000A;haz&#x000D;&#x000A;si&#x000D;&#x000A;entonces&#x000D;&#x000A;vaciar&#x000D;&#x000A;leer&#x000D;&#x000A;abrir&#x000D;&#x000A;sino&#x000D;&#x000A;si-fin&#x000D;&#x000A;cerrar&#x000D;&#x000A;proc&#x000D;&#x000A;procedimiento&#x000D;&#x000A;terminar&#x000D;&#x000A;fin&#x000D;&#x000A;oo&#x000D;&#x000A;yy&#x000D;&#x000A;continuar&#x000D;&#x000A;salir&#x000D;&#x000A;stop&#x000D;&#x000A;buscar&#x000D;&#x000A;insertar&#x000D;&#x000A;registro&#x000D;&#x000A;fin-registro&#x000D;&#x000A;use&#x000D;&#x000A;close&#x000D;&#x000A;convertir&#x000D;&#x000A;llamar&#x000D;&#x000A;guardar&#x000D;&#x000A;evalua&#x000D;&#x000A;desde&#x000D;&#x000A;dim&#x000D;&#x000A;ventana&#x000D;&#x000A;etiqueta&#x000D;&#x000A;texto&#x000D;&#x000A;boton&#x000D;&#x000A;graficos&#x000D;&#x000A;actualizar&#x000D;&#x000A;mensaje&#x000D;&#x000A;linea&#x000D;&#x000A;circulo&#x000D;&#x000A;funcion&#x000D;&#x000A;retornar&#x000D;&#x000A;subcadena&#x000D;&#x000A;&#x000D;&#x000A;&#x000D;&#x000A;&#x000D;&#x000A;&#x000D;&#x000A;&#x000D;&#x000A;&#x000D;&#x000A;&#x000D;&#x000A;&#x000D;&#x000A;&#x000D;&#x000A;&#x000D;&#x000A;&#x000D;&#x000A;&#x000D;&#x000A;</Keywords>
            <Keywords name="Keywords2"></Keywords>
            <Keywords name="Keywords3"></Keywords>
            <Keywords name="Keywords4"></Keywords>
            <Keywords name="Keywords5"></Keywords>
            <Keywords name="Keywords6"></Keywords>
            <Keywords name="Keywords7"></Keywords>
            <Keywords name="Keywords8"></Keywords>
            <Keywords name="Delimiters">00&apos; 01 02&apos; 03[ 04 05] 06 07 08 09 10 11 12 13 14 15 16 17 18 19 20 21 22 23</Keywords>
        </KeywordLists>
        <Styles>
            <WordsStyle name="DEFAULT" fgColor="00FFFF" bgColor="000040" fontName="Truetypewriter PolyglOTT" fontStyle="0" fontSize="16" nesting="0" />
            <WordsStyle name="COMMENTS" fgColor="FFFFFF" bgColor="000040" fontName="Arial Unicode MS" fontStyle="0" fontSize="12" nesting="0" />
            <WordsStyle name="LINE COMMENTS" fgColor="008080" bgColor="000000" fontName="Consolas" fontStyle="3" fontSize="14" nesting="0" />
            <WordsStyle name="NUMBERS" fgColor="808040" bgColor="000040" fontName="Comic Sans MS" fontStyle="1" fontSize="11" nesting="0" />
            <WordsStyle name="KEYWORDS1" fgColor="F3C585" bgColor="000040" fontName="Consolas" fontStyle="1" fontSize="18" nesting="0" />
            <WordsStyle name="KEYWORDS2" fgColor="FFFF80" bgColor="FFFFFF" fontName="Forte" fontStyle="0" fontSize="14" nesting="0" />
            <WordsStyle name="KEYWORDS3" fgColor="000000" bgColor="FFFFFF" fontName="" fontStyle="0" nesting="0" />
            <WordsStyle name="KEYWORDS4" fgColor="000000" bgColor="FFFFFF" fontName="" fontStyle="0" nesting="0" />
            <WordsStyle name="KEYWORDS5" fgColor="000000" bgColor="FFFFFF" fontName="" fontStyle="0" nesting="0" />
            <WordsStyle name="KEYWORDS6" fgColor="000000" bgColor="FFFFFF" fontName="" fontStyle="0" nesting="0" />
            <WordsStyle name="KEYWORDS7" fgColor="000000" bgColor="FFFFFF" fontName="" fontStyle="0" nesting="0" />
            <WordsStyle name="KEYWORDS8" fgColor="000000" bgColor="FFFFFF" fontName="" fontStyle="0" nesting="0" />
            <WordsStyle name="OPERATORS" fgColor="804000" bgColor="000040" fontName="Cantarell" fontStyle="1" fontSize="14" nesting="0" />
            <WordsStyle name="FOLDER IN CODE1" fgColor="FFFF80" bgColor="000040" fontName="Britannic Bold" fontStyle="0" fontSize="16" nesting="0" />
            <WordsStyle name="FOLDER IN CODE2" fgColor="FFFF80" bgColor="000040" fontName="Britannic Bold" fontStyle="0" fontSize="16" nesting="0" />
            <WordsStyle name="FOLDER IN COMMENT" fgColor="000000" bgColor="FFFFFF" fontName="" fontStyle="0" nesting="0" />
            <WordsStyle name="DELIMITERS1" fgColor="FF0000" bgColor="000040" fontName="Cantarell" fontStyle="1" fontSize="14" nesting="0" />
            <WordsStyle name="DELIMITERS2" fgColor="FFFF80" bgColor="000000" fontName="" fontStyle="0" nesting="0" />
            <WordsStyle name="DELIMITERS3" fgColor="000000" bgColor="FFFFFF" fontName="" fontStyle="0" nesting="0" />
            <WordsStyle name="DELIMITERS4" fgColor="FFFF80" bgColor="FFFFFF" fontName="" fontStyle="0" nesting="0" />
            <WordsStyle name="DELIMITERS5" fgColor="000000" bgColor="FFFFFF" fontName="" fontStyle="0" nesting="0" />
            <WordsStyle name="DELIMITERS6" fgColor="000000" bgColor="FFFFFF" fontName="" fontStyle="0" nesting="0" />
            <WordsStyle name="DELIMITERS7" fgColor="000000" bgColor="FFFFFF" fontName="" fontStyle="0" nesting="0" />
            <WordsStyle name="DELIMITERS8" fgColor="000000" bgColor="FFFFFF" fontName="" fontStyle="0" nesting="0" />
        </Styles>
    </UserLang>
</NotepadPlus>
