<?xml version="1.0" encoding="UTF-8"?>
<configurationDescriptor version="100">
  <logicalFolder name="root" displayName="root" projectFiles="true" kind="ROOT">
    <logicalFolder name="HeaderFiles"
                   displayName="Header Files"
                   projectFiles="true">
    </logicalFolder>
    <logicalFolder name="ResourceFiles"
                   displayName="Resource Files"
                   projectFiles="true">
    </logicalFolder>
    <logicalFolder name="SourceFiles"
                   displayName="Source Files"
                   projectFiles="true">
      <itemPath>myModule.c</itemPath>
    </logicalFolder>
    <logicalFolder name="TestFiles"
                   displayName="Test Files"
                   projectFiles="false"
                   kind="TEST_LOGICAL_FOLDER">
    </logicalFolder>
    <logicalFolder name="ExternalFiles"
                   displayName="Important Files"
                   projectFiles="false"
                   kind="IMPORTANT_FILES_FOLDER">
      <itemPath>Makefile</itemPath>
    </logicalFolder>
  </logicalFolder>
  <projectmakefile>Makefile</projectmakefile>
  <confs>
    <conf name="Debug" type="1">
      <toolsSet>
        <compilerSet>GNU|GNU</compilerSet>
        <dependencyChecking>true</dependencyChecking>
        <rebuildPropChanged>false</rebuildPropChanged>
      </toolsSet>
      <compileType>
        <cTool>
          <incDir>
            <pElem>/usr/include/glib-2.0</pElem>
            <pElem>/usr/include/cairo</pElem>
            <pElem>/usr/include/atk-1.0</pElem>
            <pElem>/usr/include/gtk-2.0</pElem>
            <pElem>/usr/include/pango-1.0</pElem>
            <pElem>/usr/include/libpng12</pElem>
            <pElem>/usr/include/freetype2</pElem>
            <pElem>/usr/lib/i386-linux-gnu/gtk-2.0/include</pElem>
            <pElem>/usr/lib/i386-linux-gnu/glib-2.0/include</pElem>
            <pElem>/lib/i386-linux-gnu</pElem>
          </incDir>
          <commandLine>-std=c99 -Wl,--export-dynamic `pkg-config --cflags --libs cairo cairo-png gtk+-2.0`</commandLine>
          <warningLevel>0</warningLevel>
        </cTool>
        <linkerTool>
          <output>${CND_DISTDIR}/${CND_CONF}/${CND_PLATFORM}/cppapplication_1</output>
          <linkerAddLib>
            <pElem>/usr/lib/i386-linux-gnu</pElem>
          </linkerAddLib>
          <linkerLibItems>
            <linkerLibLibItem>gtk-x11-2.0</linkerLibLibItem>
            <linkerLibLibItem>gobject-2.0</linkerLibLibItem>
            <linkerLibLibItem>gdk-x11-2.0</linkerLibLibItem>
            <linkerLibLibItem>cairo</linkerLibLibItem>
            <linkerLibLibItem>glib-2.0</linkerLibLibItem>
          </linkerLibItems>
        </linkerTool>
      </compileType>
      <item path="myModule.c" ex="false" tool="0" flavor2="0">
      </item>
    </conf>
    <conf name="Release" type="1">
      <toolsSet>
        <compilerSet>default</compilerSet>
        <dependencyChecking>true</dependencyChecking>
        <rebuildPropChanged>false</rebuildPropChanged>
      </toolsSet>
      <compileType>
        <cTool>
          <developmentMode>5</developmentMode>
        </cTool>
        <ccTool>
          <developmentMode>5</developmentMode>
        </ccTool>
        <fortranCompilerTool>
          <developmentMode>5</developmentMode>
        </fortranCompilerTool>
        <asmTool>
          <developmentMode>5</developmentMode>
        </asmTool>
      </compileType>
      <item path="myModule.c" ex="false" tool="0" flavor2="0">
      </item>
    </conf>
    <conf name="Windows" type="1">
      <toolsSet>
        <compilerSet>default</compilerSet>
        <dependencyChecking>true</dependencyChecking>
        <rebuildPropChanged>false</rebuildPropChanged>
      </toolsSet>
      <compileType>
        <cTool>
          <incDir>
            <pElem>D:/GTK/lib/gtk-2.0/include</pElem>
            <pElem>D:/GTK/include/gtk-2.0</pElem>
            <pElem>c:/cygwin/usr/include/libgnomeui-2.0</pElem>
            <pElem>c:/cygwin/usr/include</pElem>
            <pElem>/usr/include/libgnomeui-2.0</pElem>
            <pElem>/usr/include</pElem>
            <pElem>/usr/lib/gcc/i686-pc-cygwin/4.8.3/include-fixed</pElem>
            <pElem>/usr/lib/gcc/i686-pc-cygwin/4.8.3/include/c++</pElem>
            <pElem>/usr/x86_64-pc-cygwin/sys-root/usr/include</pElem>
            <pElem>c:/cygwin/usr/include/libgnomecanvas-2.0</pElem>
            <pElem>c:/cygwin/usr/include/libgnomeui-2.0</pElem>
            <pElem>c:/cygwin/usr/include/libgnome-2.0</pElem>
            <pElem>C:/cygwin/usr/include/libbonobo-2.0</pElem>
            <pElem>C:/cygwin/usr/include/libbonoboui-2.0</pElem>
            <pElem>C:/cygwin/usr/include/libart-2.0</pElem>
            <pElem>C:/cygwin/usr/include/gnome-vfs-2.0</pElem>
            <pElem>c:/cygwin/usr/lib</pElem>
          </incDir>
          <commandLine>-mms-bitfields -I/cygdrive/d/gtk/include/gtk-2.0 -I/cygdrive/d/gtk/lib/gtk-2.0/include -I/cygdrive/d/gtk/include/atk-1.0 -I/cygdrive/d/gtk/include/cairo -I/cygdrive/d/gtk/include/gdk-pixbuf-2.0 -I/cygdrive/d/gtk/include/pango-1.0 -I/cygdrive/d/gtk/include/glib-2.0 -I/cygdrive/d/gtk/lib/glib-2.0/include -I/cygdrive/d/gtk/include -I/cygdrive/d/gtk/include/freetype2 -I/cygdrive/d/gtk/include/libpng14 -std=c99 -I/cygdrive/c/cygwin/usr/include/libgnomeui-2.0 -v -g -I/cygdrive/c/cygwin/usr/include/libgnomeui-2.0 -I/cygdrive/c/cygwin/usr/include -I/usr/include/libgnomeui-2.0 -I/usr/include -I/usr/lib/gcc/i686-pc-cygwin/4.8.3/include-fixed -I/usr/lib/gcc/i686-pc-cygwin/4.8.3/include/c++ -I/usr/x86_64-pc-cygwin/sys-root/usr/include -I/cygdrive/c/cygwin/usr/include/libgnomecanvas-2.0 -I/cygdrive/c/cygwin/usr/include/libgnomeui-2.0 -I/cygdrive/c/cygwin/usr/include/libgnome-2.0 -I/cygdrive/C/cygwin/usr/include/libbonobo-2.0 -I/cygdrive/C/cygwin/usr/include/libbonoboui-2.0 -I/cygdrive/C/cygwin/usr/include/libart-2.0 -I/cygdrive/C/cygwin/usr/include/gnome-vfs-2.0</commandLine>
        </cTool>
        <linkerTool>
          <commandLine>-L/cygdrive/d/gtk/lib -lgtk-win32-2.0 -lgdk-win32-2.0 -latk-1.0 -lgio-2.0 -lpangowin32-1.0 -lgdi32 -lpangocairo-1.0 -lgdk_pixbuf-2.0 -lpango-1.0 -lcairo -lfontconfig -lfreetype -lpng14 -lz -lgobject-2.0 -lgmodule-2.0 -lgthread-2.0 -lglib-2.0 -lintl</commandLine>
        </linkerTool>
      </compileType>
      <item path="myModule.c" ex="false" tool="0" flavor2="0">
      </item>
    </conf>
    <conf name="Windows_E" type="1">
      <toolsSet>
        <compilerSet>default</compilerSet>
        <dependencyChecking>true</dependencyChecking>
        <rebuildPropChanged>false</rebuildPropChanged>
      </toolsSet>
      <compileType>
        <cTool>
          <commandLine>-mms-bitfields -I/cygdrive/e/gtk/include/gtk-2.0 -I/cygdrive/e/gtk/lib/gtk-2.0/include -I/cygdrive/e/gtk/include/atk-1.0 -I/cygdrive/e/gtk/include/cairo -I/cygdrive/e/gtk/include/gdk-pixbuf-2.0 -I/cygdrive/e/gtk/include/pango-1.0 -I/cygdrive/e/gtk/include/glib-2.0 -I/cygdrive/e/gtk/lib/glib-2.0/include -I/cygdrive/e/gtk/include -I/cygdrive/e/gtk/include/freetype2 -I/cygdrive/e/gtk/include/libpng14</commandLine>
        </cTool>
        <linkerTool>
          <commandLine>-L/cygdrive/e/gtk/lib -lgtk-win32-2.0 -lgdk-win32-2.0 -latk-1.0 -lgio-2.0 -lpangowin32-1.0 -lgdi32 -lpangocairo-1.0 -lgdk_pixbuf-2.0 -lpango-1.0 -lcairo -lfontconfig -lfreetype -lpng14 -lz -lgobject-2.0 -lgmodule-2.0 -lgthread-2.0 -lglib-2.0 -lintl</commandLine>
        </linkerTool>
      </compileType>
      <item path="myModule.c" ex="false" tool="0" flavor2="0">
      </item>
    </conf>
    <conf name="Windows_G" type="1">
      <toolsSet>
        <compilerSet>default</compilerSet>
        <dependencyChecking>true</dependencyChecking>
        <rebuildPropChanged>false</rebuildPropChanged>
      </toolsSet>
      <compileType>
        <cTool>
          <commandLine>-mms-bitfields -I/cygdrive/g/gtk/include/gtk-2.0 -I/cygdrive/g/gtk/lib/gtk-2.0/include -I/cygdrive/g/gtk/include/atk-1.0 -I/cygdrive/g/gtk/include/cairo -I/cygdrive/g/gtk/include/gdk-pixbuf-2.0 -I/cygdrive/g/gtk/include/pango-1.0 -I/cygdrive/g/gtk/include/glib-2.0 -I/cygdrive/g/gtk/lib/glib-2.0/include -I/cygdrive/g/gtk/include -I/cygdrive/g/gtk/include/freetype2 -I/cygdrive/g/gtk/include/libpng14</commandLine>
        </cTool>
        <linkerTool>
          <commandLine>-L/cygdrive/g/gtk/lib -lgtk-win32-2.0 -lgdk-win32-2.0 -latk-1.0 -lgio-2.0 -lpangowin32-1.0 -lgdi32 -lpangocairo-1.0 -lgdk_pixbuf-2.0 -lpango-1.0 -lcairo -lfontconfig -lfreetype -lpng14 -lz -lgobject-2.0 -lgmodule-2.0 -lgthread-2.0 -lglib-2.0 -lintl</commandLine>
        </linkerTool>
      </compileType>
      <item path="myModule.c" ex="false" tool="0" flavor2="0">
      </item>
    </conf>
    <conf name="WindowsPC" type="2">
      <toolsSet>
        <compilerSet>default</compilerSet>
        <dependencyChecking>true</dependencyChecking>
        <rebuildPropChanged>true</rebuildPropChanged>
      </toolsSet>
      <compileType>
        <cTool>
          <architecture>1</architecture>
          <incDir>
            <pElem>D:/GTK/lib/gtk-2.0/include</pElem>
            <pElem>D:/GTK/include/gtk-2.0</pElem>
            <pElem>c:/cygwin/usr/include/libgnomeui-2.0</pElem>
            <pElem>c:/cygwin/usr/include</pElem>
            <pElem>/usr/include/libgnomeui-2.0</pElem>
            <pElem>/usr/include</pElem>
            <pElem>/usr/lib/gcc/i686-pc-cygwin/4.8.3/include-fixed</pElem>
            <pElem>/usr/lib/gcc/i686-pc-cygwin/4.8.3/include/c++</pElem>
            <pElem>/usr/x86_64-pc-cygwin/sys-root/usr/include</pElem>
            <pElem>c:/cygwin/usr/include/libgnomecanvas-2.0</pElem>
            <pElem>c:/cygwin/usr/include/libgnomeui-2.0</pElem>
            <pElem>c:/cygwin/usr/include/libgnome-2.0</pElem>
            <pElem>C:/cygwin/usr/include/libbonobo-2.0</pElem>
            <pElem>C:/cygwin/usr/include/libbonoboui-2.0</pElem>
            <pElem>C:/cygwin/usr/include/libart-2.0</pElem>
            <pElem>C:/cygwin/usr/include/gnome-vfs-2.0</pElem>
            <pElem>c:/cygwin/usr/lib</pElem>
          </incDir>
          <commandLine>-mms-bitfields -I/cygdrive/d/gtk/include/gtk-2.0 -I/cygdrive/d/gtk/lib/gtk-2.0/include -I/cygdrive/d/gtk/include/atk-1.0 -I/cygdrive/d/gtk/include/cairo -I/cygdrive/d/gtk/include/gdk-pixbuf-2.0 -I/cygdrive/d/gtk/include/pango-1.0 -I/cygdrive/d/gtk/include/glib-2.0 -I/cygdrive/d/gtk/lib/glib-2.0/include -I/cygdrive/d/gtk/include -I/cygdrive/d/gtk/include/freetype2 -I/cygdrive/d/gtk/include/libpng14 -std=c99 -I/cygdrive/c/cygwin/usr/include/libgnomeui-2.0 -v -g -I/cygdrive/c/cygwin/usr/include/libgnomeui-2.0 -I/cygdrive/c/cygwin/usr/include -I/usr/include/libgnomeui-2.0 -I/usr/include -I/usr/lib/gcc/i686-pc-cygwin/4.8.3/include-fixed -I/usr/lib/gcc/i686-pc-cygwin/4.8.3/include/c++ -I/usr/x86_64-pc-cygwin/sys-root/usr/include -I/cygdrive/c/cygwin/usr/include/libgnomecanvas-2.0 -I/cygdrive/c/cygwin/usr/include/libgnomeui-2.0 -I/cygdrive/c/cygwin/usr/include/libgnome-2.0 -I/cygdrive/C/cygwin/usr/include/libbonobo-2.0 -I/cygdrive/C/cygwin/usr/include/libbonoboui-2.0 -I/cygdrive/C/cygwin/usr/include/libart-2.0 -I/cygdrive/C/cygwin/usr/include/gnome-vfs-2.0 -w</commandLine>
        </cTool>
        <linkerTool>
          <output>../ejemplos/libmyModule.so</output>
          <linkerAddLib>
            <pElem>C:/Users/test/Documents/NetBeansProjects/cppapp1</pElem>
          </linkerAddLib>
        </linkerTool>
      </compileType>
      <item path="myModule.c" ex="false" tool="0" flavor2="0">
      </item>
    </conf>
    <conf name="Linux" type="2">
      <toolsSet>
        <compilerSet>default</compilerSet>
        <dependencyChecking>true</dependencyChecking>
        <rebuildPropChanged>false</rebuildPropChanged>
      </toolsSet>
      <compileType>
        <cTool>
          <architecture>2</architecture>
        </cTool>
        <linkerTool>
          <output>../ejemplos/libmyModule.${CND_DLIB_EXT}</output>
        </linkerTool>
      </compileType>
      <item path="myModule.c" ex="false" tool="0" flavor2="0">
      </item>
    </conf>
  </confs>
</configurationDescriptor>
